Background,Measure,Month,Region,Region Description,Snapshot Date,Year,Unrounded Count
Background on the data,,April,British Columbia (total),in British Columbia (total),2025-03-31,2020,1678
Background on the data,,April,British Columbia (total),in British Columbia (total),2025-03-31,2020,10448
Background on the data,,August,British Columbia (total),in British Columbia (total),2025-03-31,2020,3859
Background on the data,,August,British Columbia (total),in British Columbia (total),2025-03-31,2020,19824
Background on the data,,December,British Columbia (total),in British Columbia (total),2025-03-31,2020,4362
Background on the data,,December,British Columbia (total),in British Columbia (total),2025-03-31,2020,20137
Background on the data,,February,British Columbia (total),in British Columbia (total),2025-03-31,2020,4259
Background on the data,,February,British Columbia (total),in British Columbia (total),2025-03-31,2020,21333
Background on the data,,January,British Columbia (total),in British Columbia (total),2025-03-31,2020,5725
Background on the data,,January,British Columbia (total),in British Columbia (total),2025-03-31,2020,27428
Background on the data,,July,British Columbia (total),in British Columbia (total),2025-03-31,2020,3736
Background on the data,,July,British Columbia (total),in British Columbia (total),2025-03-31,2020,19632
Background on the data,,June,British Columbia (total),in British Columbia (total),2025-03-31,2020,3194
Background on the data,,June,British Columbia (total),in British Columbia (total),2025-03-31,2020,16417
Background on the data,,March,British Columbia (total),in British Columbia (total),2025-03-31,2020,2893
Background on the data,,March,British Columbia (total),in British Columbia (total),2025-03-31,2020,16530
Background on the data,,May,British Columbia (total),in British Columbia (total),2025-03-31,2020,2459
Background on the data,,May,British Columbia (total),in British Columbia (total),2025-03-31,2020,13825
Background on the data,,November,British Columbia (total),in British Columbia (total),2025-03-31,2020,4114
Background on the data,,November,British Columbia (total),in British Columbia (total),2025-03-31,2020,19455
Background on the data,,October,British Columbia (total),in British Columbia (total),2025-03-31,2020,4267
Background on the data,,October,British Columbia (total),in British Columbia (total),2025-03-31,2020,20819
Background on the data,,September,British Columbia (total),in British Columbia (total),2025-03-31,2020,3829
Background on the data,,September,British Columbia (total),in British Columbia (total),2025-03-31,2020,19151
Background on the data,,April,British Columbia (total),in British Columbia (total),2025-03-31,2021,3546
Background on the data,,April,British Columbia (total),in British Columbia (total),2025-03-31,2021,18620
Background on the data,,August,British Columbia (total),in British Columbia (total),2025-03-31,2021,4367
Background on the data,,August,British Columbia (total),in British Columbia (total),2025-03-31,2021,22666
Background on the data,,December,British Columbia (total),in British Columbia (total),2025-03-31,2021,5643
Background on the data,,December,British Columbia (total),in British Columbia (total),2025-03-31,2021,28370
Background on the data,,February,British Columbia (total),in British Columbia (total),2025-03-31,2021,3341
Background on the data,,February,British Columbia (total),in British Columbia (total),2025-03-31,2021,17527
Background on the data,,January,British Columbia (total),in British Columbia (total),2025-03-31,2021,3629
Background on the data,,January,British Columbia (total),in British Columbia (total),2025-03-31,2021,17637
Background on the data,,July,British Columbia (total),in British Columbia (total),2025-03-31,2021,4377
Background on the data,,July,British Columbia (total),in British Columbia (total),2025-03-31,2021,24109
Background on the data,,June,British Columbia (total),in British Columbia (total),2025-03-31,2021,4156
Background on the data,,June,British Columbia (total),in British Columbia (total),2025-03-31,2021,22904
Background on the data,,March,British Columbia (total),in British Columbia (total),2025-03-31,2021,3493
Background on the data,,March,British Columbia (total),in British Columbia (total),2025-03-31,2021,18527
Background on the data,,May,British Columbia (total),in British Columbia (total),2025-03-31,2021,3823
Background on the data,,May,British Columbia (total),in British Columbia (total),2025-03-31,2021,19826
Background on the data,,November,British Columbia (total),in British Columbia (total),2025-03-31,2021,5261
Background on the data,,November,British Columbia (total),in British Columbia (total),2025-03-31,2021,25436
Background on the data,,October,British Columbia (total),in British Columbia (total),2025-03-31,2021,5095
Background on the data,,October,British Columbia (total),in British Columbia (total),2025-03-31,2021,24122
Background on the data,,September,British Columbia (total),in British Columbia (total),2025-03-31,2021,4846
Background on the data,,September,British Columbia (total),in British Columbia (total),2025-03-31,2021,23693
Background on the data,,April,British Columbia (total),in British Columbia (total),2025-03-31,2022,3827
Background on the data,,April,British Columbia (total),in British Columbia (total),2025-03-31,2022,21385
Background on the data,,August,British Columbia (total),in British Columbia (total),2025-03-31,2022,4129
Background on the data,,August,British Columbia (total),in British Columbia (total),2025-03-31,2022,25432
Background on the data,,December,British Columbia (total),in British Columbia (total),2025-03-31,2022,4950
Background on the data,,December,British Columbia (total),in British Columbia (total),2025-03-31,2022,30619
Background on the data,,February,British Columbia (total),in British Columbia (total),2025-03-31,2022,3619
Background on the data,,February,British Columbia (total),in British Columbia (total),2025-03-31,2022,20316
Background on the data,,January,British Columbia (total),in British Columbia (total),2025-03-31,2022,3910
Background on the data,,January,British Columbia (total),in British Columbia (total),2025-03-31,2022,24056
Background on the data,,July,British Columbia (total),in British Columbia (total),2025-03-31,2022,4159
Background on the data,,July,British Columbia (total),in British Columbia (total),2025-03-31,2022,24955
Background on the data,,June,British Columbia (total),in British Columbia (total),2025-03-31,2022,4241
Background on the data,,June,British Columbia (total),in British Columbia (total),2025-03-31,2022,24125
Background on the data,,March,British Columbia (total),in British Columbia (total),2025-03-31,2022,3896
Background on the data,,March,British Columbia (total),in British Columbia (total),2025-03-31,2022,21067
Background on the data,,May,British Columbia (total),in British Columbia (total),2025-03-31,2022,3975
Background on the data,,May,British Columbia (total),in British Columbia (total),2025-03-31,2022,22734
Background on the data,,November,British Columbia (total),in British Columbia (total),2025-03-31,2022,5241
Background on the data,,November,British Columbia (total),in British Columbia (total),2025-03-31,2022,28187
Background on the data,,October,British Columbia (total),in British Columbia (total),2025-03-31,2022,4652
Background on the data,,October,British Columbia (total),in British Columbia (total),2025-03-31,2022,24768
Background on the data,,September,British Columbia (total),in British Columbia (total),2025-03-31,2022,4329
Background on the data,,September,British Columbia (total),in British Columbia (total),2025-03-31,2022,24101
Background on the data,,April,British Columbia (total),in British Columbia (total),2025-03-31,2023,3772
Background on the data,,April,British Columbia (total),in British Columbia (total),2025-03-31,2023,22500
Background on the data,,August,British Columbia (total),in British Columbia (total),2025-03-31,2023,3918
Background on the data,,August,British Columbia (total),in British Columbia (total),2025-03-31,2023,25072
Background on the data,,December,British Columbia (total),in British Columbia (total),2025-03-31,2023,4347
Background on the data,,December,British Columbia (total),in British Columbia (total),2025-03-31,2023,25073
Background on the data,,February,British Columbia (total),in British Columbia (total),2025-03-31,2023,3645
Background on the data,,February,British Columbia (total),in British Columbia (total),2025-03-31,2023,22218
Background on the data,,January,British Columbia (total),in British Columbia (total),2025-03-31,2023,3948
Background on the data,,January,British Columbia (total),in British Columbia (total),2025-03-31,2023,23672
Background on the data,,July,British Columbia (total),in British Columbia (total),2025-03-31,2023,4073
Background on the data,,July,British Columbia (total),in British Columbia (total),2025-03-31,2023,25922
Background on the data,,June,British Columbia (total),in British Columbia (total),2025-03-31,2023,4149
Background on the data,,June,British Columbia (total),in British Columbia (total),2025-03-31,2023,25621
Background on the data,,March,British Columbia (total),in British Columbia (total),2025-03-31,2023,3689
Background on the data,,March,British Columbia (total),in British Columbia (total),2025-03-31,2023,23308
Background on the data,,May,British Columbia (total),in British Columbia (total),2025-03-31,2023,4298
Background on the data,,May,British Columbia (total),in British Columbia (total),2025-03-31,2023,26297
Background on the data,,November,British Columbia (total),in British Columbia (total),2025-03-31,2023,4515
Background on the data,,November,British Columbia (total),in British Columbia (total),2025-03-31,2023,25485
Background on the data,,October,British Columbia (total),in British Columbia (total),2025-03-31,2023,4416
Background on the data,,October,British Columbia (total),in British Columbia (total),2025-03-31,2023,25832
Background on the data,,September,British Columbia (total),in British Columbia (total),2025-03-31,2023,4336
Background on the data,,September,British Columbia (total),in British Columbia (total),2025-03-31,2023,25159
Background on the data,,April,British Columbia (total),in British Columbia (total),2025-03-31,2024,3895
Background on the data,,April,British Columbia (total),in British Columbia (total),2025-03-31,2024,23648
Background on the data,,August,British Columbia (total),in British Columbia (total),2025-03-31,2024,4049
Background on the data,,August,British Columbia (total),in British Columbia (total),2025-03-31,2024,25547
Background on the data,,December,British Columbia (total),in British Columbia (total),2025-03-31,2024,4486
Background on the data,,December,British Columbia (total),in British Columbia (total),2025-03-31,2024,25768
Background on the data,,February,British Columbia (total),in British Columbia (total),2025-03-31,2024,3485
Background on the data,,February,British Columbia (total),in British Columbia (total),2025-03-31,2024,21808
Background on the data,,January,British Columbia (total),in British Columbia (total),2025-03-31,2024,4413
Background on the data,,January,British Columbia (total),in British Columbia (total),2025-03-31,2024,28082
Background on the data,,July,British Columbia (total),in British Columbia (total),2025-03-31,2024,4391
Background on the data,,July,British Columbia (total),in British Columbia (total),2025-03-31,2024,27512
Background on the data,,June,British Columbia (total),in British Columbia (total),2025-03-31,2024,4045
Background on the data,,June,British Columbia (total),in British Columbia (total),2025-03-31,2024,25549
Background on the data,,March,British Columbia (total),in British Columbia (total),2025-03-31,2024,3727
Background on the data,,March,British Columbia (total),in British Columbia (total),2025-03-31,2024,23208
Background on the data,,May,British Columbia (total),in British Columbia (total),2025-03-31,2024,4181
Background on the data,,May,British Columbia (total),in British Columbia (total),2025-03-31,2024,25915
Background on the data,,November,British Columbia (total),in British Columbia (total),2025-03-31,2024,4463
Background on the data,,November,British Columbia (total),in British Columbia (total),2025-03-31,2024,25457
Background on the data,,October,British Columbia (total),in British Columbia (total),2025-03-31,2024,4481
Background on the data,,October,British Columbia (total),in British Columbia (total),2025-03-31,2024,26169
Background on the data,,September,British Columbia (total),in British Columbia (total),2025-03-31,2024,4234
Background on the data,,September,British Columbia (total),in British Columbia (total),2025-03-31,2024,24930
Background on the data,,April,British Columbia (total),in British Columbia (total),2025-03-31,5-year average,3344
Background on the data,,April,British Columbia (total),in British Columbia (total),2025-03-31,5-year average,19320
Background on the data,,August,British Columbia (total),in British Columbia (total),2025-03-31,5-year average,4064
Background on the data,,August,British Columbia (total),in British Columbia (total),2025-03-31,5-year average,23708
Background on the data,,December,British Columbia (total),in British Columbia (total),2025-03-31,5-year average,4758
Background on the data,,December,British Columbia (total),in British Columbia (total),2025-03-31,5-year average,25993
Background on the data,,February,British Columbia (total),in British Columbia (total),2025-03-31,5-year average,3670
Background on the data,,February,British Columbia (total),in British Columbia (total),2025-03-31,5-year average,20640
Background on the data,,January,British Columbia (total),in British Columbia (total),2025-03-31,5-year average,4325
Background on the data,,January,British Columbia (total),in British Columbia (total),2025-03-31,5-year average,24175
Background on the data,,July,British Columbia (total),in British Columbia (total),2025-03-31,5-year average,4147
Background on the data,,July,British Columbia (total),in British Columbia (total),2025-03-31,5-year average,24426
Background on the data,,June,British Columbia (total),in British Columbia (total),2025-03-31,5-year average,3957
Background on the data,,June,British Columbia (total),in British Columbia (total),2025-03-31,5-year average,22923
Background on the data,,March,British Columbia (total),in British Columbia (total),2025-03-31,5-year average,3540
Background on the data,,March,British Columbia (total),in British Columbia (total),2025-03-31,5-year average,20528
Background on the data,,May,British Columbia (total),in British Columbia (total),2025-03-31,5-year average,3747
Background on the data,,May,British Columbia (total),in British Columbia (total),2025-03-31,5-year average,21719
Background on the data,,November,British Columbia (total),in British Columbia (total),2025-03-31,5-year average,4719
Background on the data,,November,British Columbia (total),in British Columbia (total),2025-03-31,5-year average,24804
Background on the data,,October,British Columbia (total),in British Columbia (total),2025-03-31,5-year average,4582
Background on the data,,October,British Columbia (total),in British Columbia (total),2025-03-31,5-year average,24342
Background on the data,,September,British Columbia (total),in British Columbia (total),2025-03-31,5-year average,4315
Background on the data,,September,British Columbia (total),in British Columbia (total),2025-03-31,5-year average,23407
Background on the data,,April,Lower Mainland,in the Lower Mainland,2025-03-31,2020,1157
Background on the data,,April,Lower Mainland,in the Lower Mainland,2025-03-31,2020,6598
Background on the data,,August,Lower Mainland,in the Lower Mainland,2025-03-31,2020,2635
Background on the data,,August,Lower Mainland,in the Lower Mainland,2025-03-31,2020,12079
Background on the data,,December,Lower Mainland,in the Lower Mainland,2025-03-31,2020,3032
Background on the data,,December,Lower Mainland,in the Lower Mainland,2025-03-31,2020,12661
Background on the data,,February,Lower Mainland,in the Lower Mainland,2025-03-31,2020,3038
Background on the data,,February,Lower Mainland,in the Lower Mainland,2025-03-31,2020,13811
Background on the data,,January,Lower Mainland,in the Lower Mainland,2025-03-31,2020,3981
Background on the data,,January,Lower Mainland,in the Lower Mainland,2025-03-31,2020,17490
Background on the data,,July,Lower Mainland,in the Lower Mainland,2025-03-31,2020,2563
Background on the data,,July,Lower Mainland,in the Lower Mainland,2025-03-31,2020,11944
Background on the data,,June,Lower Mainland,in the Lower Mainland,2025-03-31,2020,2204
Background on the data,,June,Lower Mainland,in the Lower Mainland,2025-03-31,2020,10181
Background on the data,,March,Lower Mainland,in the Lower Mainland,2025-03-31,2020,2085
Background on the data,,March,Lower Mainland,in the Lower Mainland,2025-03-31,2020,10722
Background on the data,,May,Lower Mainland,in the Lower Mainland,2025-03-31,2020,1727
Background on the data,,May,Lower Mainland,in the Lower Mainland,2025-03-31,2020,8716
Background on the data,,November,Lower Mainland,in the Lower Mainland,2025-03-31,2020,2800
Background on the data,,November,Lower Mainland,in the Lower Mainland,2025-03-31,2020,11689
Background on the data,,October,Lower Mainland,in the Lower Mainland,2025-03-31,2020,2868
Background on the data,,October,Lower Mainland,in the Lower Mainland,2025-03-31,2020,12515
Background on the data,,September,Lower Mainland,in the Lower Mainland,2025-03-31,2020,2658
Background on the data,,September,Lower Mainland,in the Lower Mainland,2025-03-31,2020,11929
Background on the data,,April,Lower Mainland,in the Lower Mainland,2025-03-31,2021,2539
Background on the data,,April,Lower Mainland,in the Lower Mainland,2025-03-31,2021,12173
Background on the data,,August,Lower Mainland,in the Lower Mainland,2025-03-31,2021,3169
Background on the data,,August,Lower Mainland,in the Lower Mainland,2025-03-31,2021,14426
Background on the data,,December,Lower Mainland,in the Lower Mainland,2025-03-31,2021,3779
Background on the data,,December,Lower Mainland,in the Lower Mainland,2025-03-31,2021,17621
Background on the data,,February,Lower Mainland,in the Lower Mainland,2025-03-31,2021,2340
Background on the data,,February,Lower Mainland,in the Lower Mainland,2025-03-31,2021,10862
Background on the data,,January,Lower Mainland,in the Lower Mainland,2025-03-31,2021,2566
Background on the data,,January,Lower Mainland,in the Lower Mainland,2025-03-31,2021,11127
Background on the data,,July,Lower Mainland,in the Lower Mainland,2025-03-31,2021,3010
Background on the data,,July,Lower Mainland,in the Lower Mainland,2025-03-31,2021,15108
Background on the data,,June,Lower Mainland,in the Lower Mainland,2025-03-31,2021,2939
Background on the data,,June,Lower Mainland,in the Lower Mainland,2025-03-31,2021,14831
Background on the data,,March,Lower Mainland,in the Lower Mainland,2025-03-31,2021,2520
Background on the data,,March,Lower Mainland,in the Lower Mainland,2025-03-31,2021,12002
Background on the data,,May,Lower Mainland,in the Lower Mainland,2025-03-31,2021,2784
Background on the data,,May,Lower Mainland,in the Lower Mainland,2025-03-31,2021,12981
Background on the data,,November,Lower Mainland,in the Lower Mainland,2025-03-31,2021,3810
Background on the data,,November,Lower Mainland,in the Lower Mainland,2025-03-31,2021,16475
Background on the data,,October,Lower Mainland,in the Lower Mainland,2025-03-31,2021,3728
Background on the data,,October,Lower Mainland,in the Lower Mainland,2025-03-31,2021,15701
Background on the data,,September,Lower Mainland,in the Lower Mainland,2025-03-31,2021,3586
Background on the data,,September,Lower Mainland,in the Lower Mainland,2025-03-31,2021,15482
Background on the data,,April,Lower Mainland,in the Lower Mainland,2025-03-31,2022,2791
Background on the data,,April,Lower Mainland,in the Lower Mainland,2025-03-31,2022,14317
Background on the data,,August,Lower Mainland,in the Lower Mainland,2025-03-31,2022,2896
Background on the data,,August,Lower Mainland,in the Lower Mainland,2025-03-31,2022,16310
Background on the data,,December,Lower Mainland,in the Lower Mainland,2025-03-31,2022,3401
Background on the data,,December,Lower Mainland,in the Lower Mainland,2025-03-31,2022,19788
Background on the data,,February,Lower Mainland,in the Lower Mainland,2025-03-31,2022,2601
Background on the data,,February,Lower Mainland,in the Lower Mainland,2025-03-31,2022,13183
Background on the data,,January,Lower Mainland,in the Lower Mainland,2025-03-31,2022,2638
Background on the data,,January,Lower Mainland,in the Lower Mainland,2025-03-31,2022,15000
Background on the data,,July,Lower Mainland,in the Lower Mainland,2025-03-31,2022,2934
Background on the data,,July,Lower Mainland,in the Lower Mainland,2025-03-31,2022,15810
Background on the data,,June,Lower Mainland,in the Lower Mainland,2025-03-31,2022,3056
Background on the data,,June,Lower Mainland,in the Lower Mainland,2025-03-31,2022,15888
Background on the data,,March,Lower Mainland,in the Lower Mainland,2025-03-31,2022,2872
Background on the data,,March,Lower Mainland,in the Lower Mainland,2025-03-31,2022,14077
Background on the data,,May,Lower Mainland,in the Lower Mainland,2025-03-31,2022,2853
Background on the data,,May,Lower Mainland,in the Lower Mainland,2025-03-31,2022,15073
Background on the data,,November,Lower Mainland,in the Lower Mainland,2025-03-31,2022,3635
Background on the data,,November,Lower Mainland,in the Lower Mainland,2025-03-31,2022,17960
Background on the data,,October,Lower Mainland,in the Lower Mainland,2025-03-31,2022,3414
Background on the data,,October,Lower Mainland,in the Lower Mainland,2025-03-31,2022,16327
Background on the data,,September,Lower Mainland,in the Lower Mainland,2025-03-31,2022,3079
Background on the data,,September,Lower Mainland,in the Lower Mainland,2025-03-31,2022,15733
Background on the data,,April,Lower Mainland,in the Lower Mainland,2025-03-31,2023,2784
Background on the data,,April,Lower Mainland,in the Lower Mainland,2025-03-31,2023,15208
Background on the data,,August,Lower Mainland,in the Lower Mainland,2025-03-31,2023,2807
Background on the data,,August,Lower Mainland,in the Lower Mainland,2025-03-31,2023,16153
Background on the data,,December,Lower Mainland,in the Lower Mainland,2025-03-31,2023,3076
Background on the data,,December,Lower Mainland,in the Lower Mainland,2025-03-31,2023,16507
Background on the data,,February,Lower Mainland,in the Lower Mainland,2025-03-31,2023,2464
Background on the data,,February,Lower Mainland,in the Lower Mainland,2025-03-31,2023,14162
Background on the data,,January,Lower Mainland,in the Lower Mainland,2025-03-31,2023,2861
Background on the data,,January,Lower Mainland,in the Lower Mainland,2025-03-31,2023,15818
Background on the data,,July,Lower Mainland,in the Lower Mainland,2025-03-31,2023,2908
Background on the data,,July,Lower Mainland,in the Lower Mainland,2025-03-31,2023,16851
Background on the data,,June,Lower Mainland,in the Lower Mainland,2025-03-31,2023,2975
Background on the data,,June,Lower Mainland,in the Lower Mainland,2025-03-31,2023,17006
Background on the data,,March,Lower Mainland,in the Lower Mainland,2025-03-31,2023,2720
Background on the data,,March,Lower Mainland,in the Lower Mainland,2025-03-31,2023,15491
Background on the data,,May,Lower Mainland,in the Lower Mainland,2025-03-31,2023,3105
Background on the data,,May,Lower Mainland,in the Lower Mainland,2025-03-31,2023,17595
Background on the data,,November,Lower Mainland,in the Lower Mainland,2025-03-31,2023,3337
Background on the data,,November,Lower Mainland,in the Lower Mainland,2025-03-31,2023,16868
Background on the data,,October,Lower Mainland,in the Lower Mainland,2025-03-31,2023,3206
Background on the data,,October,Lower Mainland,in the Lower Mainland,2025-03-31,2023,16976
Background on the data,,September,Lower Mainland,in the Lower Mainland,2025-03-31,2023,3122
Background on the data,,September,Lower Mainland,in the Lower Mainland,2025-03-31,2023,16522
Background on the data,,April,Lower Mainland,in the Lower Mainland,2025-03-31,2024,3009
Background on the data,,April,Lower Mainland,in the Lower Mainland,2025-03-31,2024,16291
Background on the data,,August,Lower Mainland,in the Lower Mainland,2025-03-31,2024,2832
Background on the data,,August,Lower Mainland,in the Lower Mainland,2025-03-31,2024,16487
Background on the data,,December,Lower Mainland,in the Lower Mainland,2025-03-31,2024,3277
Background on the data,,December,Lower Mainland,in the Lower Mainland,2025-03-31,2024,17221
Background on the data,,February,Lower Mainland,in the Lower Mainland,2025-03-31,2024,2468
Background on the data,,February,Lower Mainland,in the Lower Mainland,2025-03-31,2024,14584
Background on the data,,January,Lower Mainland,in the Lower Mainland,2025-03-31,2024,3221
Background on the data,,January,Lower Mainland,in the Lower Mainland,2025-03-31,2024,18874
Background on the data,,July,Lower Mainland,in the Lower Mainland,2025-03-31,2024,3196
Background on the data,,July,Lower Mainland,in the Lower Mainland,2025-03-31,2024,18164
Background on the data,,June,Lower Mainland,in the Lower Mainland,2025-03-31,2024,2927
Background on the data,,June,Lower Mainland,in the Lower Mainland,2025-03-31,2024,16991
Background on the data,,March,Lower Mainland,in the Lower Mainland,2025-03-31,2024,2752
Background on the data,,March,Lower Mainland,in the Lower Mainland,2025-03-31,2024,15734
Background on the data,,May,Lower Mainland,in the Lower Mainland,2025-03-31,2024,3059
Background on the data,,May,Lower Mainland,in the Lower Mainland,2025-03-31,2024,17459
Background on the data,,November,Lower Mainland,in the Lower Mainland,2025-03-31,2024,3218
Background on the data,,November,Lower Mainland,in the Lower Mainland,2025-03-31,2024,16570
Background on the data,,October,Lower Mainland,in the Lower Mainland,2025-03-31,2024,3302
Background on the data,,October,Lower Mainland,in the Lower Mainland,2025-03-31,2024,17385
Background on the data,,September,Lower Mainland,in the Lower Mainland,2025-03-31,2024,3127
Background on the data,,September,Lower Mainland,in the Lower Mainland,2025-03-31,2024,16660
Background on the data,,April,Lower Mainland,in the Lower Mainland,2025-03-31,5-year average,2456
Background on the data,,April,Lower Mainland,in the Lower Mainland,2025-03-31,5-year average,12917
Background on the data,,August,Lower Mainland,in the Lower Mainland,2025-03-31,5-year average,2868
Background on the data,,August,Lower Mainland,in the Lower Mainland,2025-03-31,5-year average,15091
Background on the data,,December,Lower Mainland,in the Lower Mainland,2025-03-31,5-year average,3313
Background on the data,,December,Lower Mainland,in the Lower Mainland,2025-03-31,5-year average,16760
Background on the data,,February,Lower Mainland,in the Lower Mainland,2025-03-31,5-year average,2582
Background on the data,,February,Lower Mainland,in the Lower Mainland,2025-03-31,5-year average,13320
Background on the data,,January,Lower Mainland,in the Lower Mainland,2025-03-31,5-year average,3053
Background on the data,,January,Lower Mainland,in the Lower Mainland,2025-03-31,5-year average,15662
Background on the data,,July,Lower Mainland,in the Lower Mainland,2025-03-31,5-year average,2922
Background on the data,,July,Lower Mainland,in the Lower Mainland,2025-03-31,5-year average,15575
Background on the data,,June,Lower Mainland,in the Lower Mainland,2025-03-31,5-year average,2820
Background on the data,,June,Lower Mainland,in the Lower Mainland,2025-03-31,5-year average,14979
Background on the data,,March,Lower Mainland,in the Lower Mainland,2025-03-31,5-year average,2590
Background on the data,,March,Lower Mainland,in the Lower Mainland,2025-03-31,5-year average,13605
Background on the data,,May,Lower Mainland,in the Lower Mainland,2025-03-31,5-year average,2706
Background on the data,,May,Lower Mainland,in the Lower Mainland,2025-03-31,5-year average,14365
Background on the data,,November,Lower Mainland,in the Lower Mainland,2025-03-31,5-year average,3360
Background on the data,,November,Lower Mainland,in the Lower Mainland,2025-03-31,5-year average,15912
Background on the data,,October,Lower Mainland,in the Lower Mainland,2025-03-31,5-year average,3304
Background on the data,,October,Lower Mainland,in the Lower Mainland,2025-03-31,5-year average,15781
Background on the data,,September,Lower Mainland,in the Lower Mainland,2025-03-31,5-year average,3114
Background on the data,,September,Lower Mainland,in the Lower Mainland,2025-03-31,5-year average,15265
Background on the data,,April,North Central,in the North Central region,2025-03-31,2020,75
Background on the data,,April,North Central,in the North Central region,2025-03-31,2020,654
Background on the data,,August,North Central,in the North Central region,2025-03-31,2020,174
Background on the data,,August,North Central,in the North Central region,2025-03-31,2020,1164
Background on the data,,December,North Central,in the North Central region,2025-03-31,2020,173
Background on the data,,December,North Central,in the North Central region,2025-03-31,2020,1282
Background on the data,,February,North Central,in the North Central region,2025-03-31,2020,167
Background on the data,,February,North Central,in the North Central region,2025-03-31,2020,1282
Background on the data,,January,North Central,in the North Central region,2025-03-31,2020,279
Background on the data,,January,North Central,in the North Central region,2025-03-31,2020,1920
Background on the data,,July,North Central,in the North Central region,2025-03-31,2020,149
Background on the data,,July,North Central,in the North Central region,2025-03-31,2020,1210
Background on the data,,June,North Central,in the North Central region,2025-03-31,2020,126
Background on the data,,June,North Central,in the North Central region,2025-03-31,2020,1005
Background on the data,,March,North Central,in the North Central region,2025-03-31,2020,142
Background on the data,,March,North Central,in the North Central region,2025-03-31,2020,1131
Background on the data,,May,North Central,in the North Central region,2025-03-31,2020,91
Background on the data,,May,North Central,in the North Central region,2025-03-31,2020,915
Background on the data,,November,North Central,in the North Central region,2025-03-31,2020,226
Background on the data,,November,North Central,in the North Central region,2025-03-31,2020,1502
Background on the data,,October,North Central,in the North Central region,2025-03-31,2020,274
Background on the data,,October,North Central,in the North Central region,2025-03-31,2020,1681
Background on the data,,September,North Central,in the North Central region,2025-03-31,2020,155
Background on the data,,September,North Central,in the North Central region,2025-03-31,2020,1143
Background on the data,,April,North Central,in the North Central region,2025-03-31,2021,113
Background on the data,,April,North Central,in the North Central region,2025-03-31,2021,993
Background on the data,,August,North Central,in the North Central region,2025-03-31,2021,146
Background on the data,,August,North Central,in the North Central region,2025-03-31,2021,1240
Background on the data,,December,North Central,in the North Central region,2025-03-31,2021,266
Background on the data,,December,North Central,in the North Central region,2025-03-31,2021,1863
Background on the data,,February,North Central,in the North Central region,2025-03-31,2021,160
Background on the data,,February,North Central,in the North Central region,2025-03-31,2021,1205
Background on the data,,January,North Central,in the North Central region,2025-03-31,2021,155
Background on the data,,January,North Central,in the North Central region,2025-03-31,2021,1177
Background on the data,,July,North Central,in the North Central region,2025-03-31,2021,162
Background on the data,,July,North Central,in the North Central region,2025-03-31,2021,1273
Background on the data,,June,North Central,in the North Central region,2025-03-31,2021,160
Background on the data,,June,North Central,in the North Central region,2025-03-31,2021,1280
Background on the data,,March,North Central,in the North Central region,2025-03-31,2021,112
Background on the data,,March,North Central,in the North Central region,2025-03-31,2021,1103
Background on the data,,May,North Central,in the North Central region,2025-03-31,2021,125
Background on the data,,May,North Central,in the North Central region,2025-03-31,2021,1044
Background on the data,,November,North Central,in the North Central region,2025-03-31,2021,261
Background on the data,,November,North Central,in the North Central region,2025-03-31,2021,1732
Background on the data,,October,North Central,in the North Central region,2025-03-31,2021,191
Background on the data,,October,North Central,in the North Central region,2025-03-31,2021,1451
Background on the data,,September,North Central,in the North Central region,2025-03-31,2021,164
Background on the data,,September,North Central,in the North Central region,2025-03-31,2021,1327
Background on the data,,April,North Central,in the North Central region,2025-03-31,2022,148
Background on the data,,April,North Central,in the North Central region,2025-03-31,2022,1159
Background on the data,,August,North Central,in the North Central region,2025-03-31,2022,172
Background on the data,,August,North Central,in the North Central region,2025-03-31,2022,1397
Background on the data,,December,North Central,in the North Central region,2025-03-31,2022,265
Background on the data,,December,North Central,in the North Central region,2025-03-31,2022,1901
Background on the data,,February,North Central,in the North Central region,2025-03-31,2022,160
Background on the data,,February,North Central,in the North Central region,2025-03-31,2022,1387
Background on the data,,January,North Central,in the North Central region,2025-03-31,2022,203
Background on the data,,January,North Central,in the North Central region,2025-03-31,2022,1709
Background on the data,,July,North Central,in the North Central region,2025-03-31,2022,148
Background on the data,,July,North Central,in the North Central region,2025-03-31,2022,1389
Background on the data,,June,North Central,in the North Central region,2025-03-31,2022,152
Background on the data,,June,North Central,in the North Central region,2025-03-31,2022,1298
Background on the data,,March,North Central,in the North Central region,2025-03-31,2022,128
Background on the data,,March,North Central,in the North Central region,2025-03-31,2022,1101
Background on the data,,May,North Central,in the North Central region,2025-03-31,2022,122
Background on the data,,May,North Central,in the North Central region,2025-03-31,2022,1175
Background on the data,,November,North Central,in the North Central region,2025-03-31,2022,271
Background on the data,,November,North Central,in the North Central region,2025-03-31,2022,1842
Background on the data,,October,North Central,in the North Central region,2025-03-31,2022,171
Background on the data,,October,North Central,in the North Central region,2025-03-31,2022,1422
Background on the data,,September,North Central,in the North Central region,2025-03-31,2022,176
Background on the data,,September,North Central,in the North Central region,2025-03-31,2022,1313
Background on the data,,April,North Central,in the North Central region,2025-03-31,2023,116
Background on the data,,April,North Central,in the North Central region,2025-03-31,2023,1140
Background on the data,,August,North Central,in the North Central region,2025-03-31,2023,149
Background on the data,,August,North Central,in the North Central region,2025-03-31,2023,1431
Background on the data,,December,North Central,in the North Central region,2025-03-31,2023,215
Background on the data,,December,North Central,in the North Central region,2025-03-31,2023,1593
Background on the data,,February,North Central,in the North Central region,2025-03-31,2023,211
Background on the data,,February,North Central,in the North Central region,2025-03-31,2023,1639
Background on the data,,January,North Central,in the North Central region,2025-03-31,2023,206
Background on the data,,January,North Central,in the North Central region,2025-03-31,2023,1509
Background on the data,,July,North Central,in the North Central region,2025-03-31,2023,138
Background on the data,,July,North Central,in the North Central region,2025-03-31,2023,1275
Background on the data,,June,North Central,in the North Central region,2025-03-31,2023,161
Background on the data,,June,North Central,in the North Central region,2025-03-31,2023,1370
Background on the data,,March,North Central,in the North Central region,2025-03-31,2023,138
Background on the data,,March,North Central,in the North Central region,2025-03-31,2023,1333
Background on the data,,May,North Central,in the North Central region,2025-03-31,2023,139
Background on the data,,May,North Central,in the North Central region,2025-03-31,2023,1274
Background on the data,,November,North Central,in the North Central region,2025-03-31,2023,193
Background on the data,,November,North Central,in the North Central region,2025-03-31,2023,1579
Background on the data,,October,North Central,in the North Central region,2025-03-31,2023,178
Background on the data,,October,North Central,in the North Central region,2025-03-31,2023,1610
Background on the data,,September,North Central,in the North Central region,2025-03-31,2023,173
Background on the data,,September,North Central,in the North Central region,2025-03-31,2023,1427
Background on the data,,April,North Central,in the North Central region,2025-03-31,2024,86
Background on the data,,April,North Central,in the North Central region,2025-03-31,2024,1037
Background on the data,,August,North Central,in the North Central region,2025-03-31,2024,145
Background on the data,,August,North Central,in the North Central region,2025-03-31,2024,1385
Background on the data,,December,North Central,in the North Central region,2025-03-31,2024,179
Background on the data,,December,North Central,in the North Central region,2025-03-31,2024,1616
Background on the data,,February,North Central,in the North Central region,2025-03-31,2024,180
Background on the data,,February,North Central,in the North Central region,2025-03-31,2024,1321
Background on the data,,January,North Central,in the North Central region,2025-03-31,2024,208
Background on the data,,January,North Central,in the North Central region,2025-03-31,2024,1591
Background on the data,,July,North Central,in the North Central region,2025-03-31,2024,155
Background on the data,,July,North Central,in the North Central region,2025-03-31,2024,1333
Background on the data,,June,North Central,in the North Central region,2025-03-31,2024,122
Background on the data,,June,North Central,in the North Central region,2025-03-31,2024,1272
Background on the data,,March,North Central,in the North Central region,2025-03-31,2024,114
Background on the data,,March,North Central,in the North Central region,2025-03-31,2024,1140
Background on the data,,May,North Central,in the North Central region,2025-03-31,2024,133
Background on the data,,May,North Central,in the North Central region,2025-03-31,2024,1197
Background on the data,,November,North Central,in the North Central region,2025-03-31,2024,214
Background on the data,,November,North Central,in the North Central region,2025-03-31,2024,1789
Background on the data,,October,North Central,in the North Central region,2025-03-31,2024,179
Background on the data,,October,North Central,in the North Central region,2025-03-31,2024,1479
Background on the data,,September,North Central,in the North Central region,2025-03-31,2024,126
Background on the data,,September,North Central,in the North Central region,2025-03-31,2024,1265
Background on the data,,April,North Central,in the North Central region,2025-03-31,5-year average,108
Background on the data,,April,North Central,in the North Central region,2025-03-31,5-year average,997
Background on the data,,August,North Central,in the North Central region,2025-03-31,5-year average,157
Background on the data,,August,North Central,in the North Central region,2025-03-31,5-year average,1323
Background on the data,,December,North Central,in the North Central region,2025-03-31,5-year average,220
Background on the data,,December,North Central,in the North Central region,2025-03-31,5-year average,1651
Background on the data,,February,North Central,in the North Central region,2025-03-31,5-year average,176
Background on the data,,February,North Central,in the North Central region,2025-03-31,5-year average,1367
Background on the data,,January,North Central,in the North Central region,2025-03-31,5-year average,210
Background on the data,,January,North Central,in the North Central region,2025-03-31,5-year average,1581
Background on the data,,July,North Central,in the North Central region,2025-03-31,5-year average,150
Background on the data,,July,North Central,in the North Central region,2025-03-31,5-year average,1296
Background on the data,,June,North Central,in the North Central region,2025-03-31,5-year average,144
Background on the data,,June,North Central,in the North Central region,2025-03-31,5-year average,1245
Background on the data,,March,North Central,in the North Central region,2025-03-31,5-year average,127
Background on the data,,March,North Central,in the North Central region,2025-03-31,5-year average,1162
Background on the data,,May,North Central,in the North Central region,2025-03-31,5-year average,122
Background on the data,,May,North Central,in the North Central region,2025-03-31,5-year average,1121
Background on the data,,November,North Central,in the North Central region,2025-03-31,5-year average,233
Background on the data,,November,North Central,in the North Central region,2025-03-31,5-year average,1689
Background on the data,,October,North Central,in the North Central region,2025-03-31,5-year average,199
Background on the data,,October,North Central,in the North Central region,2025-03-31,5-year average,1529
Background on the data,,September,North Central,in the North Central region,2025-03-31,5-year average,159
Background on the data,,September,North Central,in the North Central region,2025-03-31,5-year average,1295
Background on the data,,April,Southern Interior,in the Southern Interior,2025-03-31,2020,244
Background on the data,,April,Southern Interior,in the Southern Interior,2025-03-31,2020,1636
Background on the data,,August,Southern Interior,in the Southern Interior,2025-03-31,2020,561
Background on the data,,August,Southern Interior,in the Southern Interior,2025-03-31,2020,3452
Background on the data,,December,Southern Interior,in the Southern Interior,2025-03-31,2020,600
Background on the data,,December,Southern Interior,in the Southern Interior,2025-03-31,2020,3257
Background on the data,,February,Southern Interior,in the Southern Interior,2025-03-31,2020,533
Background on the data,,February,Southern Interior,in the Southern Interior,2025-03-31,2020,3273
Background on the data,,January,Southern Interior,in the Southern Interior,2025-03-31,2020,769
Background on the data,,January,Southern Interior,in the Southern Interior,2025-03-31,2020,4200
Background on the data,,July,Southern Interior,in the Southern Interior,2025-03-31,2020,527
Background on the data,,July,Southern Interior,in the Southern Interior,2025-03-31,2020,3355
Background on the data,,June,Southern Interior,in the Southern Interior,2025-03-31,2020,468
Background on the data,,June,Southern Interior,in the Southern Interior,2025-03-31,2020,2708
Background on the data,,March,Southern Interior,in the Southern Interior,2025-03-31,2020,329
Background on the data,,March,Southern Interior,in the Southern Interior,2025-03-31,2020,2358
Background on the data,,May,Southern Interior,in the Southern Interior,2025-03-31,2020,314
Background on the data,,May,Southern Interior,in the Southern Interior,2025-03-31,2020,2147
Background on the data,,November,Southern Interior,in the Southern Interior,2025-03-31,2020,544
Background on the data,,November,Southern Interior,in the Southern Interior,2025-03-31,2020,3220
Background on the data,,October,Southern Interior,in the Southern Interior,2025-03-31,2020,599
Background on the data,,October,Southern Interior,in the Southern Interior,2025-03-31,2020,3522
Background on the data,,September,Southern Interior,in the Southern Interior,2025-03-31,2020,493
Background on the data,,September,Southern Interior,in the Southern Interior,2025-03-31,2020,3043
Background on the data,,April,Southern Interior,in the Southern Interior,2025-03-31,2021,422
Background on the data,,April,Southern Interior,in the Southern Interior,2025-03-31,2021,2743
Background on the data,,August,Southern Interior,in the Southern Interior,2025-03-31,2021,510
Background on the data,,August,Southern Interior,in the Southern Interior,2025-03-31,2021,3339
Background on the data,,December,Southern Interior,in the Southern Interior,2025-03-31,2021,869
Background on the data,,December,Southern Interior,in the Southern Interior,2025-03-31,2021,4657
Background on the data,,February,Southern Interior,in the Southern Interior,2025-03-31,2021,424
Background on the data,,February,Southern Interior,in the Southern Interior,2025-03-31,2021,2693
Background on the data,,January,Southern Interior,in the Southern Interior,2025-03-31,2021,483
Background on the data,,January,Southern Interior,in the Southern Interior,2025-03-31,2021,2710
Background on the data,,July,Southern Interior,in the Southern Interior,2025-03-31,2021,639
Background on the data,,July,Southern Interior,in the Southern Interior,2025-03-31,2021,3900
Background on the data,,June,Southern Interior,in the Southern Interior,2025-03-31,2021,545
Background on the data,,June,Southern Interior,in the Southern Interior,2025-03-31,2021,3405
Background on the data,,March,Southern Interior,in the Southern Interior,2025-03-31,2021,417
Background on the data,,March,Southern Interior,in the Southern Interior,2025-03-31,2021,2635
Background on the data,,May,Southern Interior,in the Southern Interior,2025-03-31,2021,465
Background on the data,,May,Southern Interior,in the Southern Interior,2025-03-31,2021,2902
Background on the data,,November,Southern Interior,in the Southern Interior,2025-03-31,2021,600
Background on the data,,November,Southern Interior,in the Southern Interior,2025-03-31,2021,3586
Background on the data,,October,Southern Interior,in the Southern Interior,2025-03-31,2021,593
Background on the data,,October,Southern Interior,in the Southern Interior,2025-03-31,2021,3536
Background on the data,,September,Southern Interior,in the Southern Interior,2025-03-31,2021,523
Background on the data,,September,Southern Interior,in the Southern Interior,2025-03-31,2021,3359
Background on the data,,April,Southern Interior,in the Southern Interior,2025-03-31,2022,399
Background on the data,,April,Southern Interior,in the Southern Interior,2025-03-31,2022,2869
Background on the data,,August,Southern Interior,in the Southern Interior,2025-03-31,2022,532
Background on the data,,August,Southern Interior,in the Southern Interior,2025-03-31,2022,3831
Background on the data,,December,Southern Interior,in the Southern Interior,2025-03-31,2022,745
Background on the data,,December,Southern Interior,in the Southern Interior,2025-03-31,2022,4744
Background on the data,,February,Southern Interior,in the Southern Interior,2025-03-31,2022,460
Background on the data,,February,Southern Interior,in the Southern Interior,2025-03-31,2022,3041
Background on the data,,January,Southern Interior,in the Southern Interior,2025-03-31,2022,562
Background on the data,,January,Southern Interior,in the Southern Interior,2025-03-31,2022,3756
Background on the data,,July,Southern Interior,in the Southern Interior,2025-03-31,2022,538
Background on the data,,July,Southern Interior,in the Southern Interior,2025-03-31,2022,4062
Background on the data,,June,Southern Interior,in the Southern Interior,2025-03-31,2022,499
Background on the data,,June,Southern Interior,in the Southern Interior,2025-03-31,2022,3441
Background on the data,,March,Southern Interior,in the Southern Interior,2025-03-31,2022,435
Background on the data,,March,Southern Interior,in the Southern Interior,2025-03-31,2022,2965
Background on the data,,May,Southern Interior,in the Southern Interior,2025-03-31,2022,467
Background on the data,,May,Southern Interior,in the Southern Interior,2025-03-31,2022,3212
Background on the data,,November,Southern Interior,in the Southern Interior,2025-03-31,2022,725
Background on the data,,November,Southern Interior,in the Southern Interior,2025-03-31,2022,4486
Background on the data,,October,Southern Interior,in the Southern Interior,2025-03-31,2022,540
Background on the data,,October,Southern Interior,in the Southern Interior,2025-03-31,2022,3515
Background on the data,,September,Southern Interior,in the Southern Interior,2025-03-31,2022,513
Background on the data,,September,Southern Interior,in the Southern Interior,2025-03-31,2022,3550
Background on the data,,April,Southern Interior,in the Southern Interior,2025-03-31,2023,428
Background on the data,,April,Southern Interior,in the Southern Interior,2025-03-31,2023,2936
Background on the data,,August,Southern Interior,in the Southern Interior,2025-03-31,2023,475
Background on the data,,August,Southern Interior,in the Southern Interior,2025-03-31,2023,3661
Background on the data,,December,Southern Interior,in the Southern Interior,2025-03-31,2023,544
Background on the data,,December,Southern Interior,in the Southern Interior,2025-03-31,2023,3536
Background on the data,,February,Southern Interior,in the Southern Interior,2025-03-31,2023,477
Background on the data,,February,Southern Interior,in the Southern Interior,2025-03-31,2023,3278
Background on the data,,January,Southern Interior,in the Southern Interior,2025-03-31,2023,435
Background on the data,,January,Southern Interior,in the Southern Interior,2025-03-31,2023,3442
Background on the data,,July,Southern Interior,in the Southern Interior,2025-03-31,2023,555
Background on the data,,July,Southern Interior,in the Southern Interior,2025-03-31,2023,3982
Background on the data,,June,Southern Interior,in the Southern Interior,2025-03-31,2023,502
Background on the data,,June,Southern Interior,in the Southern Interior,2025-03-31,2023,3522
Background on the data,,March,Southern Interior,in the Southern Interior,2025-03-31,2023,426
Background on the data,,March,Southern Interior,in the Southern Interior,2025-03-31,2023,3270
Background on the data,,May,Southern Interior,in the Southern Interior,2025-03-31,2023,517
Background on the data,,May,Southern Interior,in the Southern Interior,2025-03-31,2023,3658
Background on the data,,November,Southern Interior,in the Southern Interior,2025-03-31,2023,457
Background on the data,,November,Southern Interior,in the Southern Interior,2025-03-31,2023,3331
Background on the data,,October,Southern Interior,in the Southern Interior,2025-03-31,2023,515
Background on the data,,October,Southern Interior,in the Southern Interior,2025-03-31,2023,3612
Background on the data,,September,Southern Interior,in the Southern Interior,2025-03-31,2023,514
Background on the data,,September,Southern Interior,in the Southern Interior,2025-03-31,2023,3529
Background on the data,,April,Southern Interior,in the Southern Interior,2025-03-31,2024,398
Background on the data,,April,Southern Interior,in the Southern Interior,2025-03-31,2024,2963
Background on the data,,August,Southern Interior,in the Southern Interior,2025-03-31,2024,566
Background on the data,,August,Southern Interior,in the Southern Interior,2025-03-31,2024,3818
Background on the data,,December,Southern Interior,in the Southern Interior,2025-03-31,2024,525
Background on the data,,December,Southern Interior,in the Southern Interior,2025-03-31,2024,3449
Background on the data,,February,Southern Interior,in the Southern Interior,2025-03-31,2024,427
Background on the data,,February,Southern Interior,in the Southern Interior,2025-03-31,2024,3012
Background on the data,,January,Southern Interior,in the Southern Interior,2025-03-31,2024,487
Background on the data,,January,Southern Interior,in the Southern Interior,2025-03-31,2024,3948
Background on the data,,July,Southern Interior,in the Southern Interior,2025-03-31,2024,541
Background on the data,,July,Southern Interior,in the Southern Interior,2025-03-31,2024,3945
Background on the data,,June,Southern Interior,in the Southern Interior,2025-03-31,2024,465
Background on the data,,June,Southern Interior,in the Southern Interior,2025-03-31,2024,3534
Background on the data,,March,Southern Interior,in the Southern Interior,2025-03-31,2024,396
Background on the data,,March,Southern Interior,in the Southern Interior,2025-03-31,2024,2968
Background on the data,,May,Southern Interior,in the Southern Interior,2025-03-31,2024,480
Background on the data,,May,Southern Interior,in the Southern Interior,2025-03-31,2024,3546
Background on the data,,November,Southern Interior,in the Southern Interior,2025-03-31,2024,473
Background on the data,,November,Southern Interior,in the Southern Interior,2025-03-31,2024,3413
Background on the data,,October,Southern Interior,in the Southern Interior,2025-03-31,2024,472
Background on the data,,October,Southern Interior,in the Southern Interior,2025-03-31,2024,3571
Background on the data,,September,Southern Interior,in the Southern Interior,2025-03-31,2024,469
Background on the data,,September,Southern Interior,in the Southern Interior,2025-03-31,2024,3441
Background on the data,,April,Southern Interior,in the Southern Interior,2025-03-31,5-year average,378
Background on the data,,April,Southern Interior,in the Southern Interior,2025-03-31,5-year average,2629
Background on the data,,August,Southern Interior,in the Southern Interior,2025-03-31,5-year average,529
Background on the data,,August,Southern Interior,in the Southern Interior,2025-03-31,5-year average,3620
Background on the data,,December,Southern Interior,in the Southern Interior,2025-03-31,5-year average,657
Background on the data,,December,Southern Interior,in the Southern Interior,2025-03-31,5-year average,3929
Background on the data,,February,Southern Interior,in the Southern Interior,2025-03-31,5-year average,464
Background on the data,,February,Southern Interior,in the Southern Interior,2025-03-31,5-year average,3059
Background on the data,,January,Southern Interior,in the Southern Interior,2025-03-31,5-year average,547
Background on the data,,January,Southern Interior,in the Southern Interior,2025-03-31,5-year average,3611
Background on the data,,July,Southern Interior,in the Southern Interior,2025-03-31,5-year average,560
Background on the data,,July,Southern Interior,in the Southern Interior,2025-03-31,5-year average,3849
Background on the data,,June,Southern Interior,in the Southern Interior,2025-03-31,5-year average,496
Background on the data,,June,Southern Interior,in the Southern Interior,2025-03-31,5-year average,3322
Background on the data,,March,Southern Interior,in the Southern Interior,2025-03-31,5-year average,401
Background on the data,,March,Southern Interior,in the Southern Interior,2025-03-31,5-year average,2839
Background on the data,,May,Southern Interior,in the Southern Interior,2025-03-31,5-year average,449
Background on the data,,May,Southern Interior,in the Southern Interior,2025-03-31,5-year average,3093
Background on the data,,November,Southern Interior,in the Southern Interior,2025-03-31,5-year average,560
Background on the data,,November,Southern Interior,in the Southern Interior,2025-03-31,5-year average,3607
Background on the data,,October,Southern Interior,in the Southern Interior,2025-03-31,5-year average,544
Background on the data,,October,Southern Interior,in the Southern Interior,2025-03-31,5-year average,3551
Background on the data,,September,Southern Interior,in the Southern Interior,2025-03-31,5-year average,502
Background on the data,,September,Southern Interior,in the Southern Interior,2025-03-31,5-year average,3384
Background on the data,,April,Vancouver Island,on Vancouver Island,2025-03-31,2020,198
Background on the data,,April,Vancouver Island,on Vancouver Island,2025-03-31,2020,1510
Background on the data,,August,Vancouver Island,on Vancouver Island,2025-03-31,2020,484
Background on the data,,August,Vancouver Island,on Vancouver Island,2025-03-31,2020,3041
Background on the data,,December,Vancouver Island,on Vancouver Island,2025-03-31,2020,553
Background on the data,,December,Vancouver Island,on Vancouver Island,2025-03-31,2020,2852
Background on the data,,February,Vancouver Island,on Vancouver Island,2025-03-31,2020,516
Background on the data,,February,Vancouver Island,on Vancouver Island,2025-03-31,2020,2889
Background on the data,,January,Vancouver Island,on Vancouver Island,2025-03-31,2020,686
Background on the data,,January,Vancouver Island,on Vancouver Island,2025-03-31,2020,3717
Background on the data,,July,Vancouver Island,on Vancouver Island,2025-03-31,2020,486
Background on the data,,July,Vancouver Island,on Vancouver Island,2025-03-31,2020,3022
Background on the data,,June,Vancouver Island,on Vancouver Island,2025-03-31,2020,391
Background on the data,,June,Vancouver Island,on Vancouver Island,2025-03-31,2020,2467
Background on the data,,March,Vancouver Island,on Vancouver Island,2025-03-31,2020,335
Background on the data,,March,Vancouver Island,on Vancouver Island,2025-03-31,2020,2255
Background on the data,,May,Vancouver Island,on Vancouver Island,2025-03-31,2020,319
Background on the data,,May,Vancouver Island,on Vancouver Island,2025-03-31,2020,1986
Background on the data,,November,Vancouver Island,on Vancouver Island,2025-03-31,2020,535
Background on the data,,November,Vancouver Island,on Vancouver Island,2025-03-31,2020,2957
Background on the data,,October,Vancouver Island,on Vancouver Island,2025-03-31,2020,522
Background on the data,,October,Vancouver Island,on Vancouver Island,2025-03-31,2020,3001
Background on the data,,September,Vancouver Island,on Vancouver Island,2025-03-31,2020,512
Background on the data,,September,Vancouver Island,on Vancouver Island,2025-03-31,2020,2948
Background on the data,,April,Vancouver Island,on Vancouver Island,2025-03-31,2021,467
Background on the data,,April,Vancouver Island,on Vancouver Island,2025-03-31,2021,2644
Background on the data,,August,Vancouver Island,on Vancouver Island,2025-03-31,2021,534
Background on the data,,August,Vancouver Island,on Vancouver Island,2025-03-31,2021,3555
Background on the data,,December,Vancouver Island,on Vancouver Island,2025-03-31,2021,714
Background on the data,,December,Vancouver Island,on Vancouver Island,2025-03-31,2021,4085
Background on the data,,February,Vancouver Island,on Vancouver Island,2025-03-31,2021,416
Background on the data,,February,Vancouver Island,on Vancouver Island,2025-03-31,2021,2693
Background on the data,,January,Vancouver Island,on Vancouver Island,2025-03-31,2021,421
Background on the data,,January,Vancouver Island,on Vancouver Island,2025-03-31,2021,2556
Background on the data,,July,Vancouver Island,on Vancouver Island,2025-03-31,2021,553
Background on the data,,July,Vancouver Island,on Vancouver Island,2025-03-31,2021,3701
Background on the data,,June,Vancouver Island,on Vancouver Island,2025-03-31,2021,503
Background on the data,,June,Vancouver Island,on Vancouver Island,2025-03-31,2021,3301
Background on the data,,March,Vancouver Island,on Vancouver Island,2025-03-31,2021,438
Background on the data,,March,Vancouver Island,on Vancouver Island,2025-03-31,2021,2701
Background on the data,,May,Vancouver Island,on Vancouver Island,2025-03-31,2021,443
Background on the data,,May,Vancouver Island,on Vancouver Island,2025-03-31,2021,2815
Background on the data,,November,Vancouver Island,on Vancouver Island,2025-03-31,2021,580
Background on the data,,November,Vancouver Island,on Vancouver Island,2025-03-31,2021,3526
Background on the data,,October,Vancouver Island,on Vancouver Island,2025-03-31,2021,577
Background on the data,,October,Vancouver Island,on Vancouver Island,2025-03-31,2021,3333
Background on the data,,September,Vancouver Island,on Vancouver Island,2025-03-31,2021,559
Background on the data,,September,Vancouver Island,on Vancouver Island,2025-03-31,2021,3411
Background on the data,,April,Vancouver Island,on Vancouver Island,2025-03-31,2022,484
Background on the data,,April,Vancouver Island,on Vancouver Island,2025-03-31,2022,2955
Background on the data,,August,Vancouver Island,on Vancouver Island,2025-03-31,2022,522
Background on the data,,August,Vancouver Island,on Vancouver Island,2025-03-31,2022,3746
Background on the data,,December,Vancouver Island,on Vancouver Island,2025-03-31,2022,525
Background on the data,,December,Vancouver Island,on Vancouver Island,2025-03-31,2022,4041
Background on the data,,February,Vancouver Island,on Vancouver Island,2025-03-31,2022,392
Background on the data,,February,Vancouver Island,on Vancouver Island,2025-03-31,2022,2604
Background on the data,,January,Vancouver Island,on Vancouver Island,2025-03-31,2022,489
Background on the data,,January,Vancouver Island,on Vancouver Island,2025-03-31,2022,3452
Background on the data,,July,Vancouver Island,on Vancouver Island,2025-03-31,2022,530
Background on the data,,July,Vancouver Island,on Vancouver Island,2025-03-31,2022,3539
Background on the data,,June,Vancouver Island,on Vancouver Island,2025-03-31,2022,530
Background on the data,,June,Vancouver Island,on Vancouver Island,2025-03-31,2022,3396
Background on the data,,March,Vancouver Island,on Vancouver Island,2025-03-31,2022,458
Background on the data,,March,Vancouver Island,on Vancouver Island,2025-03-31,2022,2851
Background on the data,,May,Vancouver Island,on Vancouver Island,2025-03-31,2022,524
Background on the data,,May,Vancouver Island,on Vancouver Island,2025-03-31,2022,3174
Background on the data,,November,Vancouver Island,on Vancouver Island,2025-03-31,2022,597
Background on the data,,November,Vancouver Island,on Vancouver Island,2025-03-31,2022,3774
Background on the data,,October,Vancouver Island,on Vancouver Island,2025-03-31,2022,519
Background on the data,,October,Vancouver Island,on Vancouver Island,2025-03-31,2022,3384
Background on the data,,September,Vancouver Island,on Vancouver Island,2025-03-31,2022,549
Background on the data,,September,Vancouver Island,on Vancouver Island,2025-03-31,2022,3358
Background on the data,,April,Vancouver Island,on Vancouver Island,2025-03-31,2023,429
Background on the data,,April,Vancouver Island,on Vancouver Island,2025-03-31,2023,3108
Background on the data,,August,Vancouver Island,on Vancouver Island,2025-03-31,2023,474
Background on the data,,August,Vancouver Island,on Vancouver Island,2025-03-31,2023,3705
Background on the data,,December,Vancouver Island,on Vancouver Island,2025-03-31,2023,502
Background on the data,,December,Vancouver Island,on Vancouver Island,2025-03-31,2023,3326
Background on the data,,February,Vancouver Island,on Vancouver Island,2025-03-31,2023,483
Background on the data,,February,Vancouver Island,on Vancouver Island,2025-03-31,2023,3027
Background on the data,,January,Vancouver Island,on Vancouver Island,2025-03-31,2023,442
Background on the data,,January,Vancouver Island,on Vancouver Island,2025-03-31,2023,2805
Background on the data,,July,Vancouver Island,on Vancouver Island,2025-03-31,2023,464
Background on the data,,July,Vancouver Island,on Vancouver Island,2025-03-31,2023,3700
Background on the data,,June,Vancouver Island,on Vancouver Island,2025-03-31,2023,503
Background on the data,,June,Vancouver Island,on Vancouver Island,2025-03-31,2023,3608
Background on the data,,March,Vancouver Island,on Vancouver Island,2025-03-31,2023,401
Background on the data,,March,Vancouver Island,on Vancouver Island,2025-03-31,2023,3121
Background on the data,,May,Vancouver Island,on Vancouver Island,2025-03-31,2023,527
Background on the data,,May,Vancouver Island,on Vancouver Island,2025-03-31,2023,3675
Background on the data,,November,Vancouver Island,on Vancouver Island,2025-03-31,2023,517
Background on the data,,November,Vancouver Island,on Vancouver Island,2025-03-31,2023,3597
Background on the data,,October,Vancouver Island,on Vancouver Island,2025-03-31,2023,513
Background on the data,,October,Vancouver Island,on Vancouver Island,2025-03-31,2023,3531
Background on the data,,September,Vancouver Island,on Vancouver Island,2025-03-31,2023,519
Background on the data,,September,Vancouver Island,on Vancouver Island,2025-03-31,2023,3552
Background on the data,,April,Vancouver Island,on Vancouver Island,2025-03-31,2024,395
Background on the data,,April,Vancouver Island,on Vancouver Island,2025-03-31,2024,3235
Background on the data,,August,Vancouver Island,on Vancouver Island,2025-03-31,2024,494
Background on the data,,August,Vancouver Island,on Vancouver Island,2025-03-31,2024,3698
Background on the data,,December,Vancouver Island,on Vancouver Island,2025-03-31,2024,496
Background on the data,,December,Vancouver Island,on Vancouver Island,2025-03-31,2024,3338
Background on the data,,February,Vancouver Island,on Vancouver Island,2025-03-31,2024,404
Background on the data,,February,Vancouver Island,on Vancouver Island,2025-03-31,2024,2804
Background on the data,,January,Vancouver Island,on Vancouver Island,2025-03-31,2024,489
Background on the data,,January,Vancouver Island,on Vancouver Island,2025-03-31,2024,3536
Background on the data,,July,Vancouver Island,on Vancouver Island,2025-03-31,2024,487
Background on the data,,July,Vancouver Island,on Vancouver Island,2025-03-31,2024,3886
Background on the data,,June,Vancouver Island,on Vancouver Island,2025-03-31,2024,523
Background on the data,,June,Vancouver Island,on Vancouver Island,2025-03-31,2024,3594
Background on the data,,March,Vancouver Island,on Vancouver Island,2025-03-31,2024,459
Background on the data,,March,Vancouver Island,on Vancouver Island,2025-03-31,2024,3252
Background on the data,,May,Vancouver Island,on Vancouver Island,2025-03-31,2024,505
Background on the data,,May,Vancouver Island,on Vancouver Island,2025-03-31,2024,3588
Background on the data,,November,Vancouver Island,on Vancouver Island,2025-03-31,2024,550
Background on the data,,November,Vancouver Island,on Vancouver Island,2025-03-31,2024,3563
Background on the data,,October,Vancouver Island,on Vancouver Island,2025-03-31,2024,518
Background on the data,,October,Vancouver Island,on Vancouver Island,2025-03-31,2024,3594
Background on the data,,September,Vancouver Island,on Vancouver Island,2025-03-31,2024,500
Background on the data,,September,Vancouver Island,on Vancouver Island,2025-03-31,2024,3418
Background on the data,,April,Vancouver Island,on Vancouver Island,2025-03-31,5-year average,395
Background on the data,,April,Vancouver Island,on Vancouver Island,2025-03-31,5-year average,2690
Background on the data,,August,Vancouver Island,on Vancouver Island,2025-03-31,5-year average,502
Background on the data,,August,Vancouver Island,on Vancouver Island,2025-03-31,5-year average,3549
Background on the data,,December,Vancouver Island,on Vancouver Island,2025-03-31,5-year average,558
Background on the data,,December,Vancouver Island,on Vancouver Island,2025-03-31,5-year average,3528
Background on the data,,February,Vancouver Island,on Vancouver Island,2025-03-31,5-year average,442
Background on the data,,February,Vancouver Island,on Vancouver Island,2025-03-31,5-year average,2803
Background on the data,,January,Vancouver Island,on Vancouver Island,2025-03-31,5-year average,505
Background on the data,,January,Vancouver Island,on Vancouver Island,2025-03-31,5-year average,3213
Background on the data,,July,Vancouver Island,on Vancouver Island,2025-03-31,5-year average,504
Background on the data,,July,Vancouver Island,on Vancouver Island,2025-03-31,5-year average,3570
Background on the data,,June,Vancouver Island,on Vancouver Island,2025-03-31,5-year average,490
Background on the data,,June,Vancouver Island,on Vancouver Island,2025-03-31,5-year average,3273
Background on the data,,March,Vancouver Island,on Vancouver Island,2025-03-31,5-year average,418
Background on the data,,March,Vancouver Island,on Vancouver Island,2025-03-31,5-year average,2836
Background on the data,,May,Vancouver Island,on Vancouver Island,2025-03-31,5-year average,464
Background on the data,,May,Vancouver Island,on Vancouver Island,2025-03-31,5-year average,3048
Background on the data,,November,Vancouver Island,on Vancouver Island,2025-03-31,5-year average,556
Background on the data,,November,Vancouver Island,on Vancouver Island,2025-03-31,5-year average,3483
Background on the data,,October,Vancouver Island,on Vancouver Island,2025-03-31,5-year average,530
Background on the data,,October,Vancouver Island,on Vancouver Island,2025-03-31,5-year average,3369
Background on the data,,September,Vancouver Island,on Vancouver Island,2025-03-31,5-year average,528
Background on the data,,September,Vancouver Island,on Vancouver Island,2025-03-31,5-year average,3337